setting,epoch,mean,std,n_seeds,seeds
diversity_oriented,ep1,0.425030,0.004275,3,42|43|44
diversity_oriented,ep2,0.454009,0.002898,3,42|43|44
diversity_oriented,ep3,0.464132,0.002051,3,42|43|44
quality_base,ep1,0.417457,0.006745,3,42|43|44
quality_base,ep2,0.448039,0.000670,3,42|43|44
quality_base,ep3,0.462705,0.006659,3,42|43|44
quality_first,ep1,0.424133,0.002782,3,42|43|44
quality_first,ep2,0.449590,0.004079,3,42|43|44
quality_first,ep3,0.460596,0.002651,3,42|43|44
rewire_inspired,ep1,0.422846,0.001449,3,42|43|44
rewire_inspired,ep2,0.449424,0.003147,3,42|43|44
rewire_inspired,ep3,0.458867,0.002251,3,42|43|44
disagreement_aware,ep1,0.421060,0.002889,3,42|43|44
disagreement_aware,ep2,0.448233,0.003365,3,42|43|44
disagreement_aware,ep3,0.459290,0.001078,3,42|43|44
wrap_inspired,ep1,0.419692,0.003875,3,42|43|44
wrap_inspired,ep2,0.446219,0.004427,3,42|43|44
wrap_inspired,ep3,0.458129,0.002432,3,42|43|44
